{"id":"a93b5acf-d180-4b80-97fc-01fecb34628c","revision":0,"last_node_id":62,"last_link_id":91,"nodes":[{"id":13,"type":"8c7aeae1-d72e-4be5-99e7-2456f061d8e1","pos":[-340,310],"size":[400,240],"flags":{},"order":8,"mode":0,"inputs":[{"label":"Song Length (set this in the main Subgraph)","name":"duration","type":"FLOAT","widget":{"name":"duration"},"link":13}],"outputs":[{"label":"True/False","localized_name":"output","name":"output","type":"BOOLEAN","links":[21]},{"localized_name":"AUDIO","name":"AUDIO","type":"AUDIO","links":[20]}],"properties":{"proxyWidgets":[["-1","duration"],["182","audio"],["182","audioUI"],["182","upload"],["190","start_index"],["180","switch"]],"ue_properties":{"widget_ue_connectable":{},"input_ue_unconnectable":{},"version":"7.5.2"}},"widgets_values":[2048],"color":"#432","bgcolor":"#653"},{"id":28,"type":"MarkdownNote","pos":[690,190],"size":[470,380],"flags":{},"order":0,"mode":4,"inputs":[],"outputs":[],"title":"Settings Ideas","properties":{"ue_properties":{"widget_ue_connectable":{},"version":"7.5.2","input_ue_unconnectable":{}}},"widgets_values":["## ACCORDING TO AI:\n\nEuler\nSimple or Uniform\n\nDPM++ 2M (or DPM++ 2M Karras)\nKarras\n\nSampler: DPM++ SDE (slower, noises every step) requires 25 steps\nScheduler: Exponential\n\nSteps: 8 to 12\nCFG: 1 to 2.5\n\n\navoid Heun, UniPC, DDIM with high cfg, PLMS, LMS\n\n\n## Genre\tTypical BPM Range\tFeel\n\nLo-Fi / Chill\t70 – 90\tRelaxed, \"head-nod\" rhythm\n\nHip Hop\t80 – 110\tGroovy and rhythmic\n\nHouse / Disco\t118 – 128\tSteady, four-on-the-floor dance beat\n\nDubstep / Trap\t140 / 70 (Half-time)\tAggressive and spacious\n\n\nTechno\t125 – 150\tDriving and hypnotic\n\nDrum & Bass\t160 – 180\tHigh-energy, frenetic"],"color":"#222","bgcolor":"#000"},{"id":21,"type":"944033ec-45e9-4371-92e7-d5b6e95acd4d","pos":[110,-120],"size":[540,414],"flags":{"collapsed":false},"order":11,"mode":0,"inputs":[{"localized_name":"clip","name":"clip","type":"CLIP","link":16},{"localized_name":"model","name":"model","type":"MODEL","link":17},{"localized_name":"negative","name":"negative","type":"CONDITIONING","link":18},{"name":"vae","type":"VAE","link":19},{"label":"Audio File Input","name":"audio","type":"AUDIO","link":20},{"label":"Toggle Switch (set this on Optional Audio Input)","name":"switch","type":"BOOLEAN","widget":{"name":"switch"},"link":21},{"name":"denoise","type":"FLOAT","widget":{"name":"denoise"},"link":22},{"label":"length","name":"value","type":"FLOAT","widget":{"name":"value"},"link":89},{"name":"bpm","type":"INT","widget":{"name":"bpm"},"link":88},{"name":"keyscale","type":"COMBO","widget":{"name":"keyscale"},"link":90},{"name":"timesignature","type":"COMBO","widget":{"name":"timesignature"},"link":91},{"name":"tags","type":"STRING","widget":{"name":"tags"},"link":86},{"name":"lyrics","type":"STRING","widget":{"name":"lyrics"},"link":87}],"outputs":[{"localized_name":"CONDITIONING","name":"CONDITIONING","type":"CONDITIONING","links":[15]},{"localized_name":"LATENT","name":"LATENT","type":"LATENT","links":[26]},{"label":"Song Length (FLOAT)","name":"FLOAT","type":"FLOAT","links":[13]}],"properties":{"proxyWidgets":[["-1","switch"],["-1","denoise"],["-1","value"],["-1","bpm"],["-1","keyscale"],["-1","timesignature"],["-1","tags"],["-1","lyrics"],["3","sampler_name"],["3","scheduler"]],"ue_properties":{"widget_ue_connectable":{},"input_ue_unconnectable":{},"version":"7.5.2"}},"widgets_values":[false,1,1,300,"F minor","4","",""],"color":"#232","bgcolor":"#353"},{"id":17,"type":"TextEncodeAceStepAudio1.5","pos":[1880,-170],"size":[290,640],"flags":{"collapsed":true},"order":1,"mode":4,"inputs":[{"localized_name":"clip","name":"clip","type":"CLIP","link":null},{"localized_name":"tags","name":"tags","type":"STRING","widget":{"name":"tags"},"link":null},{"localized_name":"lyrics","name":"lyrics","type":"STRING","widget":{"name":"lyrics"},"link":null},{"localized_name":"seed","name":"seed","type":"INT","widget":{"name":"seed"},"link":null},{"localized_name":"bpm","name":"bpm","type":"INT","widget":{"name":"bpm"},"link":null},{"localized_name":"duration","name":"duration","type":"FLOAT","widget":{"name":"duration"},"link":null},{"localized_name":"timesignature","name":"timesignature","type":"COMBO","widget":{"name":"timesignature"},"link":null},{"localized_name":"language","name":"language","type":"COMBO","widget":{"name":"language"},"link":null},{"localized_name":"keyscale","name":"keyscale","type":"COMBO","widget":{"name":"keyscale"},"link":null},{"localized_name":"generate_audio_codes","name":"generate_audio_codes","type":"BOOLEAN","widget":{"name":"generate_audio_codes"},"link":null},{"localized_name":"cfg_scale","name":"cfg_scale","type":"FLOAT","widget":{"name":"cfg_scale"},"link":null},{"localized_name":"temperature","name":"temperature","type":"FLOAT","widget":{"name":"temperature"},"link":null},{"localized_name":"top_p","name":"top_p","type":"FLOAT","widget":{"name":"top_p"},"link":null},{"localized_name":"top_k","name":"top_k","type":"INT","widget":{"name":"top_k"},"link":null}],"outputs":[{"localized_name":"CONDITIONING","name":"CONDITIONING","type":"CONDITIONING","links":[]}],"properties":{"Node name for S&R":"TextEncodeAceStepAudio1.5","ue_properties":{"widget_ue_connectable":{"seed":true,"duration":true},"version":"7.5.2","input_ue_unconnectable":{}},"cnr_id":"comfy-core","ver":"0.11.1"},"widgets_values":["K-Pop: A slick, maximalist K-pop track that genre-hops with precision and style. The production shifts seamlessly between sections—a hard-hitting trap-influenced verse with rapid-fire rapping, a softer R&B pre-chorus with breathy vocals and lush harmonies, then an explosive, synth-driven pop chorus with an ear worm hook.","[Intro - Synth Rise & Vocal Chop]\nyeah—\nuh\nturn it up\n\n[Verse 1 - Trap Rap]\nClick-clack, camera flash, we don’t miss  \nRun the board, every move calculated  \nBig bass hit when I step in the frame  \nToo fast, they can’t even say my name  \n\nRadar locked, yeah I’m on that lane  \nDrip so sharp, cut through champagne  \nTalk cheap, but my sound heavyweight  \nCountdown tickin’, watch me detonate  \n\n[Verse 2 - Trap Rap]\n808 talk, let it shake the floor  \nAll eyes on me when I hit that door  \nToo bold, too cold, no rehearsal  \nBuilt this crown from universal  \n\nChain reaction when I breathe that fire  \nOne line, whole room go higher  \nNo pause, no fear, full ignition  \nThis that global transmission  \n\n[Pre-Chorus - R&B]\nPull me closer, slow it down  \nHeartbeat under the sound  \nWhen you whisper my name like that  \nI forget where the edges are  \n\nLights go low, voices melt  \nEvery note just how I felt  \nHold your breath, let it bloom  \nSomething ’bout to break real soon  \n\n[Chorus - Pop Explosion]\nBoom, boom, feel it in your chest  \nWhen the beat drop, we the best  \nHands up high, don’t overthink  \nSay my name, make the whole world blink  \n\nFlash, flash, colors collide  \nWe don’t wait, we ignite  \nRound and round, stuck in your brain  \nThis that hook you won’t escape  \n\n[Post-Chorus - Chant]\nHey!  \nTurn it l\n",80,"fixed",190,120,"4","en","E minor",true,2,0.85,0.9,0]},{"id":24,"type":"PreviewAudio","pos":[1270,-170],"size":[490,88],"flags":{"collapsed":true},"order":12,"mode":4,"inputs":[{"localized_name":"audio","name":"audio","type":"AUDIO","link":25},{"localized_name":"audioUI","name":"audioUI","type":"AUDIO_UI","widget":{"name":"audioUI"},"link":null}],"outputs":[],"properties":{"Node name for S&R":"PreviewAudio","ue_properties":{"widget_ue_connectable":{},"input_ue_unconnectable":{},"version":"7.5.2"}},"widgets_values":[],"color":"#222","bgcolor":"#000"},{"id":19,"type":"PreviewAudio","pos":[1270,50],"size":[490,88],"flags":{"collapsed":true},"order":9,"mode":4,"inputs":[{"localized_name":"audio","name":"audio","type":"AUDIO","link":14},{"localized_name":"audioUI","name":"audioUI","type":"AUDIO_UI","widget":{"name":"audioUI"},"link":null}],"outputs":[],"properties":{"Node name for S&R":"PreviewAudio","ue_properties":{"widget_ue_connectable":{},"input_ue_unconnectable":{},"version":"7.5.2"}},"widgets_values":[],"color":"#2a363b","bgcolor":"#3f5159"},{"id":25,"type":"f4f5fb46-518f-4c07-9c36-81120e31300c","pos":[690,-90],"size":[510,220],"flags":{"collapsed":false},"order":13,"mode":0,"inputs":[{"localized_name":"samples","name":"samples","type":"LATENT","link":26},{"localized_name":"vae","name":"vae","type":"VAE","link":27}],"outputs":[{"name":"AUDIO","type":"AUDIO","links":[14,25]},{"label":"filename","name":"STRING","type":"STRING","links":[]}],"properties":{"proxyWidgets":[["133","string_b"],["107","quality"],["107","audioUI"]],"ue_properties":{"widget_ue_connectable":{},"input_ue_unconnectable":{},"version":"7.5.2"}},"widgets_values":[],"color":"#432","bgcolor":"#653"},{"id":62,"type":"AceStepParser","pos":[110,370],"size":[530,870],"flags":{},"order":2,"mode":0,"inputs":[{"localized_name":"master_paste","name":"master_paste","type":"STRING","widget":{"name":"master_paste"},"link":null},{"localized_name":"manual_tags","name":"manual_tags","type":"STRING","widget":{"name":"manual_tags"},"link":null},{"localized_name":"manual_lyrics","name":"manual_lyrics","type":"STRING","widget":{"name":"manual_lyrics"},"link":null},{"localized_name":"manual_bpm","name":"manual_bpm","type":"INT","widget":{"name":"manual_bpm"},"link":null},{"localized_name":"manual_duration","name":"manual_duration","type":"FLOAT","widget":{"name":"manual_duration"},"link":null},{"localized_name":"manual_keyscale","name":"manual_keyscale","type":"COMBO","widget":{"name":"manual_keyscale"},"link":null},{"localized_name":"manual_timesig","name":"manual_timesig","type":"COMBO","widget":{"name":"manual_timesig"},"link":null}],"outputs":[{"localized_name":"tags","name":"tags","type":"STRING","links":[86]},{"localized_name":"lyrics","name":"lyrics","type":"STRING","links":[87]},{"localized_name":"bpm","name":"bpm","type":"INT","links":[88]},{"localized_name":"duration","name":"duration","type":"FLOAT","links":[89]},{"localized_name":"keyscale","name":"keyscale","type":"*","links":[90]},{"localized_name":"timesignature","name":"timesignature","type":"*","links":[91]}],"properties":{"Node name for S&R":"AceStepParser","ue_properties":{"widget_ue_connectable":{},"input_ue_unconnectable":{},"version":"7.5.2"}},"widgets_values":["\n\n\n\n                          Delete ALL the text in this box\n                        PASTE THE OUTPUT FROM THE LLM HERE\n                                   Click \"Run\"","","",0,0,"0","0"],"color":"#232","bgcolor":"#353"},{"id":12,"type":"PrimitiveNode","pos":[-340,600],"size":[400,82],"flags":{},"order":4,"mode":0,"inputs":[],"outputs":[{"label":"Float (Denoise)","name":"FLOAT","type":"FLOAT","widget":{"name":"denoise"},"links":[22]}],"title":"Denoise (Primitive Float)","properties":{"Run widget replace on values":false,"ue_properties":{"widget_ue_connectable":{},"version":"7.5.2","input_ue_unconnectable":{}}},"widgets_values":[1,"fixed"],"color":"#322","bgcolor":"#533"},{"id":18,"type":"Note","pos":[-1030,1900],"size":[708.851171875,280],"flags":{"collapsed":true},"order":5,"mode":4,"inputs":[],"outputs":[],"title":"OLD Manual setting without my custom node (Prompt to give to AI like Google Gemini to make songs)","properties":{"ue_properties":{"widget_ue_connectable":{},"version":"7.5.2","input_ue_unconnectable":{}}},"widgets_values":["AceStep 1.5 song lyrics writing chat.\n\nWrite lyrics with the correct tags for style, such as:\n\nK-Pop: A slick, maximalist K-pop track that genre-hops with precision and style. The production shifts seamlessly between sections—a hard-hitting trap-influenced verse with rapid-fire rapping, a softer R&B pre-chorus with breathy vocals and lush harmonies, then an explosive, synth-driven pop chorus with an ear worm hook.\n\nand write tags in brackets for each section like this:\n\n[Intro - Synth Rise & Vocal Chop]\nyeah—\nuh\nturn it up\n\n[Verse 1 - Trap Rap]\nClick-clack, camera flash, we don’t miss  \nRun the board, every move calculated  \nBig bass hit when I step in the frame  \nToo fast, they can’t even say my name  \n\nRadar locked, yeah I’m on that lane  \nDrip so sharp, cut through champagne  \nTalk cheap, but my sound heavyweight  \nCountdown tickin’, watch me detonate  \n\n[Verse 2 - Trap Rap]\n808 talk, let it shake the floor  \nAll eyes on me when I hit that door  \nToo bold, too cold, no rehearsal  \nBuilt this crown from universal  \n\nChain reaction when I breathe that fire  \nOne line, whole room go higher  \nNo pause, no fear, full ignition  \nThis that global transmission  \n\n[Pre-Chorus - R&B]\nPull me closer, slow it down  \nHeartbeat under the sound  \nWhen you whisper my name like that  \nI forget where the edges are  \n\nLights go low, voices melt  \nEvery note just how I felt  \nHold your breath, let it bloom  \nSomething ’bout to break real soon  \n\n[Chorus - Pop Explosion]\nBoom, boom, feel it in your chest  \nWhen the beat drop, we the best  \nHands up high, don’t overthink  \nSay my name, make the whole world blink  \n\nFlash, flash, colors collide  \nWe don’t wait, we ignite  \nRound and round, stuck in your brain  \nThis that hook you won’t escape  \n\n[Post-Chorus - Chant]\nHey!  \nTurn it loud\n\n[Outro]\n\nalso i need this information:\nLength of songs in Seconds as an integer, such as 120\nbpm the beats per minute integer, such as 68 or 413\nkeyscale, such as E Minor, Cb, A#, D Minor, do not give locrian.\nand Time Signature, only options are: 2, 3, 4 or 6\n\nin this format:\nLength: 284\nbpm: 891\nkeyscale: A# major\nTime Signature: 4\n\nbe sure to provide the music style mentioned at the top, such as the \n\"K-Pop: A slick, maximalist K-pop track that genre-hops with precision and style. The production shifts seamlessly between sections—a hard-hitting trap-influenced verse with rapid-fire rapping, a softer R&B pre-chorus with breathy vocals and lush harmonies, then an explosive, synth-driven pop chorus with an ear worm hook.\"\n\n\nbut these are just instructions, i will tell you what songs to make in the next message.\nFor this first response, to ensure you do not skip anything, \njust repeat letter for letter, this exact 6 item list below, to ensure you understand all of what I explained above:\n\nGenre/description/tags\nlyrics with bracket verse type of things\nLength\nbpm\nkeyscale\nTime Signature\n\nthen say \"I'm ready to make songs, just tell me what you want the song about and optional a vague music style/type that i will enhance better based on the lyrics I create\""],"color":"#322","bgcolor":"#533"},{"id":16,"type":"MarkdownNote","pos":[-1590,-160],"size":[520,530],"flags":{"collapsed":true},"order":6,"mode":0,"inputs":[],"outputs":[],"title":"Models download/location (Markdown Note)","properties":{"ue_properties":{"widget_ue_connectable":{},"version":"7.5.2","input_ue_unconnectable":{}}},"widgets_values":["## Model Links (for Local Users)\n\n**diffusion_models**\n\n- [acestep_v1.5_turbo.safetensors](https://huggingface.co/Comfy-Org/ace_step_1.5_ComfyUI_files/resolve/main/split_files/diffusion_models/acestep_v1.5_turbo.safetensors)\n\n**text_encoders**\n\n- [qwen_0.6b_ace15.safetensors](https://huggingface.co/Comfy-Org/ace_step_1.5_ComfyUI_files/resolve/main/split_files/text_encoders/qwen_0.6b_ace15.safetensors)\n- [qwen_1.7b_ace15.safetensors](https://huggingface.co/Comfy-Org/ace_step_1.5_ComfyUI_files/resolve/main/split_files/text_encoders/qwen_1.7b_ace15.safetensors)\n\n**vae**\n\n- [ace_1.5_vae.safetensors](https://huggingface.co/Comfy-Org/ace_step_1.5_ComfyUI_files/resolve/main/split_files/vae/ace_1.5_vae.safetensors)\n\n\n## Model Storage Location\n\n```\n📂 ComfyUI/\n├── 📂 models/\n│   ├── 📂 diffusion_models/\n│   │   └── acestep_v1.5_turbo.safetensors\n│   ├── 📂 text_encoders/\n│   │   ├── qwen_0.6b_ace15.safetensors\n│   │   └── qwen_1.7b_ace15.safetensors\n│   └── 📂 vae/\n│       └── ace_1.5_vae.safetensors\n```\n\n## Report Issue\n\nNote: Please update ComfyUI first ([guide](https://docs.comfy.org/zh-CN/installation/update_comfyui)) and prepare required models. Desktop/Cloud ship stable builds; nightly-supported models may not be included yet, please wait for the next stable release.\n\n- Cannot run / runtime errors: [ComfyUI/issues](https://github.com/comfyanonymous/ComfyUI/issues)\n- UI / frontend issues: [ComfyUI_frontend/issues](https://github.com/Comfy-Org/ComfyUI_frontend/issues)\n- Workflow issues: [workflow_templates/issues](https://github.com/Comfy-Org/workflow_templates/issues)\n"],"color":"#222","bgcolor":"#000"},{"id":20,"type":"04a9eafd-f207-463d-8560-24c97e32d376","pos":[-330,-130],"size":[330,165],"flags":{"collapsed":true},"order":10,"mode":0,"inputs":[{"localized_name":"conditioning","name":"conditioning","type":"CONDITIONING","link":15}],"outputs":[{"localized_name":"VAE","name":"VAE","type":"VAE","links":[19,27]},{"localized_name":"CLIP","name":"CLIP","type":"CLIP","links":[16]},{"localized_name":"MODEL","name":"MODEL","type":"MODEL","links":[17]},{"localized_name":"CONDITIONING","name":"CONDITIONING","type":"CONDITIONING","links":[18]}],"properties":{"proxyWidgets":[["114","vae_name"],["115","clip_name1"],["115","clip_name2"],["115","type"],["115","device"],["116","unet_name"],["116","weight_dtype"]],"ue_properties":{"widget_ue_connectable":{},"input_ue_unconnectable":{},"version":"7.5.2"}},"widgets_values":[],"color":"#323","bgcolor":"#535"},{"id":60,"type":"MarkdownNote","pos":[-1030,1430],"size":[660,180],"flags":{},"order":3,"mode":0,"inputs":[],"outputs":[],"title":"Easy Song Generation Instructions:","properties":{"ue_properties":{"widget_ue_connectable":{},"version":"7.5.2","input_ue_unconnectable":{}}},"widgets_values":["\n\n                  INSTRUCTIONS\n\n       Copy the above prompt and paste it into an AI LLM like Google Gemini.\n       it will ask you for a song to make.\n       Tell it as basic or descriptive as you want, then copy the output \n       and paste it in the \"Master_Paste\" top section of the custom node.\n       Then click Run in ComfyUI.\n\n       Minimize/collapse nodes/notes you don't need to simplify the workflow visually.\n       \n       Enjoy.\n"],"color":"#222","bgcolor":"#000"},{"id":47,"type":"Note","pos":[-1020,-130],"size":[650,1500],"flags":{"collapsed":false},"order":7,"mode":4,"inputs":[],"outputs":[],"title":"with copy/paste custom node, Prompt to give to AI like Google Gemini to make songs","properties":{"ue_properties":{"widget_ue_connectable":{},"version":"7.5.2","input_ue_unconnectable":{}}},"widgets_values":["AceStep 1.5 song lyrics writing chat.\nAlways use the plaintext for all codeblocks in this chat, so that the copy function is available.\n\nWrite lyrics for Ace Step 1.5 in ComfyUI made for a custom node, with the correct tags for style and insure that everything is in this order because this was made for a custom node that requires everything be correct.\nBe aware that with lyrics, anything in parenthesis is used as a description, not as background vocals.\nIf a line of lyrics says:\n\"Hello (hi hi hi hi)\"\nit will determine that \"(hi hi hi hi)\" describes how to say \"Hello\", so do not use it for background vocals\na proper use would be:\n\"Hello (yelling)\"\nAlso, I don't think it can do sound effects, but i could be wrong, so if you say (a dog barking) or (a dripping faucet) I think it will just ignore them.\nFirst start with 3 horizontal lines at the top as the first 3 lines.\nAfter those 3 horizontal lines, \nHere is the example plaintext format codeblock that i have enclosed within 3 backticks:\n\n```\n[tags]\nK-Pop: A slick, maximalist K-pop track that genre-hops with precision and style. The production shifts seamlessly between sections—a hard-hitting trap-influenced verse with rapid-fire rapping, a softer R&B pre-chorus with breathy vocals and lush harmonies, then an explosive, synth-driven pop chorus with an ear worm hook.\n\n[lyrics]\n[Intro - Synth Rise & Vocal Chop]\nyeah—\nuh\nturn it up (yelling)\n\n[Verse 1 - Trap Rap]\nClick-clack, camera flash, we don’t miss\nRun the board, every move calculated\n\nRadar locked, yeah I’m on that lane\nDrip so sharp, cut through champagne\n\n[Verse 2 - Trap Rap]\n808 talk, let it shake the floor\n\nChain reaction when I breathe that fire\nOne line, whole room go higher\n\n[Pre-Chorus - R&B]\nPull me closer, slow it down\nHeartbeat under the sound\n\nLights go low, voices melt\nEvery note just how I felt\n\n[Chorus - Pop Explosion]\nBoom, boom, feel it in your chest\nWhen the beat drop, we the best\n\nFlash, flash, colors collide\n\n[Post-Chorus - Chant]\nHey!\nTurn it loud\n\n[Outro]\n  \nLength: 184\nbpm: 191\nkeyscale: A# major\nTime Signature: 4\n```\n\nThat is the example, now to ensure you get all the details right:\nBelow the plaintext format codeblock, please add 3 horizontal lines so that it is well defined visually that it has reached the end of the data for me to copy. This will make the entire ouput distinctly separated from the rest by having 3 horizontal lines at the very top of your output and 3 horizontal lines after the plaintext format codeblock, making it easier to copy/paste.\n\nAfter the first 3 horizontal lines at the time, The first text line will only be [tags]\nthe next line will be the tags that describe what the song will sound like, as in the example, and this is all as a single paragraph.\n\nThe second section will be [lyrics]\nthe next line will be the lyrics broken up into multiple lines, as seen in the example above.\n\nThe final section will be the 4 variables:\n\nThe Length of songs in Seconds as an integer, such as 120.\nbpm is the beats per minute integer, such as 68 or 413.\nkeyscale, such as E Minor, Cb, A#, D Minor, do not give locrian.\nand Time Signature, only options are: 2, 3, 4 or 6.\n\nBe sure that the category [tags] is on it's own line above the tags, not on the same line.\nBe sure the category [lyrics] ison a line above the lyrics, not on the same line.\n\ni will tell you what songs to make in the next message.\nI will not have to say the phrase \"make a song\" or \"make a song about\" because all messages are implied to be for making a song.\nFor this first response, to ensure you do not skip anything, \nNow, create 3 horizontal lines, then provide to me in a plaintext format codeblock, what i have enclosed within the 3 backticks:\n```\n[tags]\nGenre/description/tags\n\n[lyrics]\nlyrics with bracket verse type of things\n\nLength\nbpm\nkeyscale\nTime Signature\n```\n\nNow end with the 3 horizontal lines directly below, to ensure you understand all of what I explained above, \nthen say this formatted text:\n\nThis format was made for: Toad Nodes: AceStep Song Parser v1.5 ComfyUI custom node.  \nDescribe a song.  \nOptional to specify: Genre, speed, length, style/type, etc.  \nExample 0: dogs  \nExample 1: make a song about a dog  \nExample 2: make a song about a dog playing with a ball, make it cheerful and uplifting  \nExample 3: make a fast paced punk rock song about a dog playing with a ball, make it cheerful and uplifting and make the lyrics only 4 very short lines and make it a total of 30 seconds long  \n  \nI'm ready to make songs.  "],"color":"#232","bgcolor":"#353"}],"links":[[13,21,2,13,0,"FLOAT"],[14,25,0,19,0,"AUDIO"],[15,21,0,20,0,"CONDITIONING"],[16,20,1,21,0,"CLIP"],[17,20,2,21,1,"MODEL"],[18,20,3,21,2,"CONDITIONING"],[19,20,0,21,3,"VAE"],[20,13,1,21,4,"AUDIO"],[21,13,0,21,5,"BOOLEAN"],[22,12,0,21,6,"FLOAT"],[25,25,0,24,0,"AUDIO"],[26,21,1,25,0,"LATENT"],[27,20,0,25,1,"VAE"],[86,62,0,21,11,"STRING"],[87,62,1,21,12,"STRING"],[88,62,2,21,8,"INT"],[89,62,3,21,7,"FLOAT"],[90,62,4,21,9,"COMBO"],[91,62,5,21,10,"COMBO"]],"groups":[{"id":6,"title":"Step 1 - Load Models","bounding":[-340,-200,410,420],"color":"#3f789e","font_size":24,"flags":{}},{"id":7,"title":"Step3 - Prompt","bounding":[100,-200,550,1450],"color":"#3f789e","font_size":24,"flags":{}},{"id":8,"title":"Step 2 - Optional Audio Input","bounding":[-350,240,420,455.6],"color":"#b06634","font_size":24,"flags":{}},{"id":9,"title":"Default example settings","bounding":[1850,-260,350,760],"color":"#444","font_size":24,"flags":{}},{"id":10,"title":"Temp, bypass 1, to hold while you gen new song","bounding":[1260,-260,530,430],"color":"#444","font_size":24,"flags":{}},{"id":11,"title":"Step 0: Copy/Paste this, to AI to have them write songs","bounding":[-1030,-200,670,1580],"color":"#8A8","font_size":24,"flags":{}}],"definitions":{"subgraphs":[{"id":"8c7aeae1-d72e-4be5-99e7-2456f061d8e1","version":1,"state":{"lastGroupId":4,"lastNodeId":190,"lastLinkId":368,"lastRerouteId":0},"revision":0,"config":{},"name":"Load Audio File (Subgraph) [toggle true/false]","inputNode":{"id":-10,"bounding":[-610,358.5878775097349,161.400390625,60]},"outputNode":{"id":-20,"bounding":[209.16195066673527,338.5878775097349,120,80]},"inputs":[{"id":"f4b45a01-2080-449f-a3c1-f465a710777c","name":"duration","type":"FLOAT","linkIds":[368],"label":"Song Length (FLOAT)","pos":[-468.599609375,378.5878775097349]}],"outputs":[{"id":"ab308141-d4b9-403a-b186-cd14721aa2dd","name":"output","type":"BOOLEAN","linkIds":[358],"localized_name":"output","label":"True/False","pos":[229.16195066673527,358.5878775097349]},{"id":"98f1c3a1-4903-4ea5-956f-963cfc4ab24e","name":"AUDIO","type":"AUDIO","linkIds":[367],"localized_name":"AUDIO","pos":[229.16195066673527,378.5878775097349]}],"widgets":[],"nodes":[{"id":180,"type":"ComfySwitchNode","pos":[-120.83804933326473,499.17575501946976],"size":[270,78],"flags":{},"order":3,"mode":0,"inputs":[{"label":"False (Empty Latent)","localized_name":"on_false","name":"on_false","type":"BOOLEAN","link":354},{"label":"True (Audio File Input)","localized_name":"on_true","name":"on_true","type":"BOOLEAN","link":355},{"label":"Use Audio/MP3/file ?","localized_name":"switch","name":"switch","type":"BOOLEAN","widget":{"name":"switch"},"link":null}],"outputs":[{"localized_name":"output","name":"output","type":"BOOLEAN","links":[358]}],"properties":{"Node name for S&R":"ComfySwitchNode","ue_properties":{"widget_ue_connectable":{},"input_ue_unconnectable":{},"version":"7.5.2"}},"widgets_values":[false],"color":"#223","bgcolor":"#335"},{"id":177,"type":"PrimitiveBoolean","pos":[-350.83804933326473,459.17575501946976],"size":[210,58],"flags":{},"order":0,"mode":0,"inputs":[{"localized_name":"value","name":"value","type":"BOOLEAN","widget":{"name":"value"},"link":null}],"outputs":[{"localized_name":"BOOLEAN","name":"BOOLEAN","type":"BOOLEAN","links":[354]}],"properties":{"Node name for S&R":"PrimitiveBoolean","ue_properties":{"widget_ue_connectable":{},"input_ue_unconnectable":{},"version":"7.5.2"}},"widgets_values":[false],"color":"#322","bgcolor":"#533"},{"id":178,"type":"PrimitiveBoolean","pos":[-350.83804933326473,559.1757550194698],"size":[210,58],"flags":{},"order":1,"mode":0,"inputs":[{"localized_name":"value","name":"value","type":"BOOLEAN","widget":{"name":"value"},"link":null}],"outputs":[{"localized_name":"BOOLEAN","name":"BOOLEAN","type":"BOOLEAN","links":[355]}],"properties":{"Node name for S&R":"PrimitiveBoolean","ue_properties":{"widget_ue_connectable":{},"input_ue_unconnectable":{},"version":"7.5.2"}},"widgets_values":[true],"color":"#232","bgcolor":"#353"},{"id":182,"type":"LoadAudio","pos":[-430,170],"size":[330,136],"flags":{},"order":2,"mode":0,"inputs":[{"localized_name":"audio","name":"audio","type":"COMBO","widget":{"name":"audio"},"link":null},{"localized_name":"audioUI","name":"audioUI","type":"AUDIO_UI","widget":{"name":"audioUI"},"link":null},{"localized_name":"choose file to upload","name":"upload","type":"AUDIOUPLOAD","widget":{"name":"upload"},"link":null}],"outputs":[{"localized_name":"AUDIO","name":"AUDIO","type":"AUDIO","links":[366]}],"properties":{"Node name for S&R":"LoadAudio","ue_properties":{"widget_ue_connectable":{},"input_ue_unconnectable":{},"version":"7.5.2"}},"widgets_values":["Empty-Wav.wav",null,null],"color":"#432","bgcolor":"#653"},{"id":190,"type":"TrimAudioDuration","pos":[-70,210],"size":[332.087890625,82],"flags":{},"order":4,"mode":0,"inputs":[{"localized_name":"audio","name":"audio","type":"AUDIO","link":366},{"label":"Start Seconds (where to start in song)","localized_name":"start_index","name":"start_index","type":"FLOAT","widget":{"name":"start_index"},"link":null},{"label":"duration (Set this on the main subgraph)","localized_name":"duration","name":"duration","type":"FLOAT","widget":{"name":"duration"},"link":368}],"outputs":[{"localized_name":"AUDIO","name":"AUDIO","type":"AUDIO","links":[367]}],"properties":{"Node name for S&R":"TrimAudioDuration","ue_properties":{"widget_ue_connectable":{},"input_ue_unconnectable":{},"version":"7.5.2"}},"widgets_values":[0,2048]}],"groups":[],"links":[{"id":354,"origin_id":177,"origin_slot":0,"target_id":180,"target_slot":0,"type":"BOOLEAN"},{"id":355,"origin_id":178,"origin_slot":0,"target_id":180,"target_slot":1,"type":"BOOLEAN"},{"id":358,"origin_id":180,"origin_slot":0,"target_id":-20,"target_slot":0,"type":"BOOLEAN"},{"id":366,"origin_id":182,"origin_slot":0,"target_id":190,"target_slot":0,"type":"AUDIO"},{"id":367,"origin_id":190,"origin_slot":0,"target_id":-20,"target_slot":1,"type":"AUDIO"},{"id":368,"origin_id":-10,"origin_slot":0,"target_id":190,"target_slot":2,"type":"FLOAT"}],"extra":{"workflowRendererVersion":"LG","ue_links":[],"links_added_by_ue":[]}},{"id":"04a9eafd-f207-463d-8560-24c97e32d376","version":1,"state":{"lastGroupId":3,"lastNodeId":118,"lastLinkId":280,"lastRerouteId":0},"revision":0,"config":{},"name":"Model Loaders","inputNode":{"id":-10,"bounding":[-350.94738740944877,-491,120,60]},"outputNode":{"id":-20,"bounding":[370,-550,129.267578125,120]},"inputs":[{"id":"dbf8401a-74c9-4c86-a0a1-2eca7d7ccb1d","name":"conditioning","type":"CONDITIONING","linkIds":[255],"localized_name":"conditioning","pos":[-250.94738740944877,-471]}],"outputs":[{"id":"952d5192-5f3c-410a-a376-543b72f80f4c","name":"VAE","type":"VAE","linkIds":[274],"localized_name":"VAE","pos":[390,-530]},{"id":"164a9639-85e0-4d73-bb39-23e0d5ac3e27","name":"CLIP","type":"CLIP","linkIds":[275],"localized_name":"CLIP","pos":[390,-510]},{"id":"b8d1ab9c-4bd9-43f4-b2ca-de3be6979e4d","name":"MODEL","type":"MODEL","linkIds":[280],"localized_name":"MODEL","pos":[390,-490]},{"id":"4fbb320a-fba3-47ac-85c5-87e6071cdf22","name":"CONDITIONING","type":"CONDITIONING","linkIds":[119],"localized_name":"CONDITIONING","pos":[390,-470]}],"widgets":[],"nodes":[{"id":114,"type":"VAELoader","pos":[-165.94738740944877,-464],"size":[380,58],"flags":{},"order":0,"mode":0,"inputs":[{"localized_name":"vae_name","name":"vae_name","type":"COMBO","widget":{"name":"vae_name"},"link":null}],"outputs":[{"localized_name":"VAE","name":"VAE","type":"VAE","links":[274]}],"properties":{"Node name for S&R":"VAELoader","ue_properties":{"widget_ue_connectable":{},"version":"7.5.2","input_ue_unconnectable":{}},"cnr_id":"comfy-core","ver":"0.11.1","models":[{"name":"ace_1.5_vae.safetensors","url":"https://huggingface.co/Comfy-Org/ace_step_1.5_ComfyUI_files/resolve/main/split_files/vae/ace_1.5_vae.safetensors","directory":"vae"}]},"widgets_values":["ace_1.5_vae.safetensors"]},{"id":115,"type":"DualCLIPLoader","pos":[-165.94738740944877,-654],"size":[380,130],"flags":{},"order":1,"mode":0,"inputs":[{"localized_name":"clip_name1","name":"clip_name1","type":"COMBO","widget":{"name":"clip_name1"},"link":null},{"localized_name":"clip_name2","name":"clip_name2","type":"COMBO","widget":{"name":"clip_name2"},"link":null},{"localized_name":"type","name":"type","type":"COMBO","widget":{"name":"type"},"link":null},{"localized_name":"device","name":"device","shape":7,"type":"COMBO","widget":{"name":"device"},"link":null}],"outputs":[{"localized_name":"CLIP","name":"CLIP","type":"CLIP","links":[275]}],"properties":{"Node name for S&R":"DualCLIPLoader","ue_properties":{"widget_ue_connectable":{},"version":"7.5.2","input_ue_unconnectable":{}},"cnr_id":"comfy-core","ver":"0.11.1","models":[{"name":"qwen_0.6b_ace15.safetensors","url":"https://huggingface.co/Comfy-Org/ace_step_1.5_ComfyUI_files/resolve/main/split_files/text_encoders/qwen_0.6b_ace15.safetensors","directory":"text_encoders"},{"name":"qwen_1.7b_ace15.safetensors","url":"https://huggingface.co/Comfy-Org/ace_step_1.5_ComfyUI_files/resolve/main/split_files/text_encoders/qwen_1.7b_ace15.safetensors","directory":"text_encoders"}]},"widgets_values":["qwen_0.6b_ace15.safetensors","qwen_1.7b_ace15.safetensors","ace","default"]},{"id":47,"type":"ConditioningZeroOut","pos":[-130,-340],"size":[204.75,26],"flags":{},"order":3,"mode":0,"inputs":[{"localized_name":"conditioning","name":"conditioning","type":"CONDITIONING","link":255}],"outputs":[{"localized_name":"CONDITIONING","name":"CONDITIONING","type":"CONDITIONING","links":[119]}],"properties":{"Node name for S&R":"ConditioningZeroOut","ue_properties":{"widget_ue_connectable":{},"version":"7.5.2","input_ue_unconnectable":{}},"cnr_id":"comfy-core","ver":"0.11.1"},"widgets_values":[]},{"id":116,"type":"UNETLoader","pos":[-170.94738740944877,-784],"size":[380,82],"flags":{},"order":2,"mode":0,"inputs":[{"localized_name":"unet_name","name":"unet_name","type":"COMBO","widget":{"name":"unet_name"},"link":null},{"localized_name":"weight_dtype","name":"weight_dtype","type":"COMBO","widget":{"name":"weight_dtype"},"link":null}],"outputs":[{"localized_name":"MODEL","name":"MODEL","type":"MODEL","links":[280]}],"properties":{"Node name for S&R":"UNETLoader","ue_properties":{"widget_ue_connectable":{},"version":"7.5.2","input_ue_unconnectable":{}},"cnr_id":"comfy-core","ver":"0.11.1","models":[{"name":"acestep_v1.5_turbo.safetensors","url":"https://huggingface.co/Comfy-Org/ace_step_1.5_ComfyUI_files/resolve/main/split_files/diffusion_models/acestep_v1.5_turbo.safetensors","directory":"diffusion_models"}]},"widgets_values":["acestep_v1.5_turbo.safetensors","default"]}],"groups":[],"links":[{"id":255,"origin_id":-10,"origin_slot":0,"target_id":47,"target_slot":0,"type":"CONDITIONING"},{"id":274,"origin_id":114,"origin_slot":0,"target_id":-20,"target_slot":0,"type":"VAE"},{"id":275,"origin_id":115,"origin_slot":0,"target_id":-20,"target_slot":1,"type":"CLIP"},{"id":119,"origin_id":47,"origin_slot":0,"target_id":-20,"target_slot":3,"type":"CONDITIONING"},{"id":280,"origin_id":116,"origin_slot":0,"target_id":-20,"target_slot":2,"type":"MODEL"}],"extra":{"workflowRendererVersion":"LG","ue_links":[],"links_added_by_ue":[]}},{"id":"944033ec-45e9-4371-92e7-d5b6e95acd4d","version":1,"state":{"lastGroupId":4,"lastNodeId":155,"lastLinkId":348,"lastRerouteId":0},"revision":0,"config":{},"name":"Tags, Lyrics, then settings.","inputNode":{"id":-10,"bounding":[-330,-120,128.1484375,300]},"outputNode":{"id":-20,"bounding":[1400,-600,161.400390625,100]},"inputs":[{"id":"54428e80-1f10-400d-9fd0-8992cfa62bca","name":"clip","type":"CLIP","linkIds":[279],"localized_name":"clip","pos":[-221.8515625,-100]},{"id":"fe11a858-ccd5-46d3-a393-35bdb6faf920","name":"model","type":"MODEL","linkIds":[330],"localized_name":"model","pos":[-221.8515625,-80]},{"id":"b6352c21-a339-4a13-835b-5165cdf787de","name":"negative","type":"CONDITIONING","linkIds":[281],"localized_name":"negative","pos":[-221.8515625,-60]},{"id":"be612f38-693e-4c26-add4-6c5e7e37e4d1","name":"vae","type":"VAE","linkIds":[299],"pos":[-221.8515625,-40]},{"id":"706a9342-93eb-4b4e-bf30-f8022952a779","name":"audio","type":"AUDIO","linkIds":[328],"label":"Audio File Input","pos":[-221.8515625,-20]},{"id":"de9c8258-1509-413f-82c3-625505e03f13","name":"switch","type":"BOOLEAN","linkIds":[320],"pos":[-221.8515625,0]},{"id":"64693258-5a18-4320-85c4-e6b03c6000d3","name":"denoise","type":"FLOAT","linkIds":[321],"pos":[-221.8515625,20]},{"id":"12569010-57e1-471b-90b3-f41e0d9cd1ac","name":"value","type":"FLOAT","linkIds":[332],"label":"length","pos":[-221.8515625,40]},{"id":"cd9a065b-0015-468d-bd34-5361fb671cb1","name":"bpm","type":"INT","linkIds":[333],"pos":[-221.8515625,60]},{"id":"76800a68-7e2c-4d00-98a2-59efa43fd4ea","name":"keyscale","type":"COMBO","linkIds":[344],"pos":[-221.8515625,80]},{"id":"30c7a7ae-7f18-4a52-9bab-404bdb0426f8","name":"timesignature","type":"COMBO","linkIds":[340],"pos":[-221.8515625,100]},{"id":"0313ef78-1a2d-4052-8d8b-00bbb4546b20","name":"tags","type":"STRING","linkIds":[346],"pos":[-221.8515625,120]},{"id":"11d16de4-9c01-4625-93c7-c10d0da1baa0","name":"lyrics","type":"STRING","linkIds":[348],"pos":[-221.8515625,140]}],"outputs":[{"id":"32603f5b-9042-4059-8ca4-0ace55c0aad4","name":"CONDITIONING","type":"CONDITIONING","linkIds":[277],"localized_name":"CONDITIONING","pos":[1420,-580]},{"id":"b6c1505b-29de-4b2d-8296-5989a09f0c15","name":"LATENT","type":"LATENT","linkIds":[256],"localized_name":"LATENT","pos":[1420,-560]},{"id":"730034af-c7ca-4d52-80ed-6fe9c42f538e","name":"FLOAT","type":"FLOAT","linkIds":[329],"label":"Song Length (FLOAT)","pos":[1420,-540]}],"widgets":[],"nodes":[{"id":124,"type":"VAEEncodeAudio","pos":[260,560],"size":[162.659765625,46],"flags":{"collapsed":false},"order":4,"mode":0,"inputs":[{"localized_name":"audio","name":"audio","type":"AUDIO","link":305},{"localized_name":"vae","name":"vae","type":"VAE","link":300}],"outputs":[{"localized_name":"LATENT","name":"LATENT","type":"LATENT","links":[295]}],"properties":{"Node name for S&R":"VAEEncodeAudio","ue_properties":{"widget_ue_connectable":{},"input_ue_unconnectable":{},"version":"7.5.2"}},"widgets_values":[],"color":"#2a363b","bgcolor":"#3f5159"},{"id":125,"type":"ComfySwitchNode","pos":[640,470],"size":[270,78],"flags":{},"order":5,"mode":0,"inputs":[{"label":"Empty Latent","localized_name":"on_false","name":"on_false","type":"LATENT","link":296},{"label":"Audio File Input","localized_name":"on_true","name":"on_true","type":"LATENT","link":295},{"label":"Use Audio/MP3/file ?","localized_name":"switch","name":"switch","type":"BOOLEAN","widget":{"name":"switch"},"link":320}],"outputs":[{"localized_name":"output","name":"output","type":"LATENT","links":[297]}],"properties":{"Node name for S&R":"ComfySwitchNode","ue_properties":{"widget_ue_connectable":{},"input_ue_unconnectable":{},"version":"7.5.2"}},"widgets_values":[false],"color":"#232","bgcolor":"#353"},{"id":120,"type":"EmptyAceStep1.5LatentAudio","pos":[260,430],"size":[314.90390625,82],"flags":{},"order":3,"mode":0,"inputs":[{"localized_name":"seconds","name":"seconds","type":"FLOAT","widget":{"name":"seconds"},"link":322},{"localized_name":"batch_size","name":"batch_size","type":"INT","widget":{"name":"batch_size"},"link":null}],"outputs":[{"localized_name":"LATENT","name":"LATENT","type":"LATENT","links":[296]}],"properties":{"Node name for S&R":"EmptyAceStep1.5LatentAudio","ue_properties":{"widget_ue_connectable":{"seconds":true},"version":"7.5.2","input_ue_unconnectable":{}},"cnr_id":"comfy-core","ver":"0.11.1"},"widgets_values":[60,1],"color":"#432","bgcolor":"#653"},{"id":129,"type":"Reroute","pos":[-50,550],"size":[75,26],"flags":{},"order":8,"mode":0,"inputs":[{"name":"","type":"*","link":328}],"outputs":[{"name":"","type":"*","links":[305]}],"properties":{"showOutputText":false,"horizontal":false,"ue_properties":{"widget_ue_connectable":{},"version":"7.5.2","input_ue_unconnectable":{}}}},{"id":126,"type":"Reroute","pos":[-50,660],"size":[75,26],"flags":{},"order":6,"mode":0,"inputs":[{"name":"","type":"*","link":299}],"outputs":[{"name":"","type":"*","links":[300]}],"properties":{"showOutputText":false,"horizontal":false,"ue_properties":{"widget_ue_connectable":{},"version":"7.5.2","input_ue_unconnectable":{}}}},{"id":3,"type":"KSampler","pos":[960,-540],"size":[329.39477481889753,262],"flags":{},"order":1,"mode":0,"inputs":[{"localized_name":"model","name":"model","type":"MODEL","link":331},{"localized_name":"positive","name":"positive","type":"CONDITIONING","link":254},{"localized_name":"negative","name":"negative","type":"CONDITIONING","link":281},{"localized_name":"latent_image","name":"latent_image","type":"LATENT","link":297},{"localized_name":"seed","name":"seed","type":"INT","widget":{"name":"seed"},"link":291},{"localized_name":"steps","name":"steps","type":"INT","widget":{"name":"steps"},"link":null},{"localized_name":"cfg","name":"cfg","type":"FLOAT","widget":{"name":"cfg"},"link":null},{"localized_name":"sampler_name","name":"sampler_name","type":"COMBO","widget":{"name":"sampler_name"},"link":null},{"localized_name":"scheduler","name":"scheduler","type":"COMBO","widget":{"name":"scheduler"},"link":null},{"localized_name":"denoise","name":"denoise","type":"FLOAT","widget":{"name":"denoise"},"link":321}],"outputs":[{"localized_name":"LATENT","name":"LATENT","type":"LATENT","slot_index":0,"links":[256]}],"properties":{"Node name for S&R":"KSampler","ue_properties":{"widget_ue_connectable":{"seed":true},"version":"7.5.2","input_ue_unconnectable":{}},"cnr_id":"comfy-core","ver":"0.11.1"},"widgets_values":[272926804794672,"fixed",8,1,"euler","simple",1],"color":"#432","bgcolor":"#653"},{"id":148,"type":"ModelSamplingAuraFlow","pos":[510,-560],"size":[250,58],"flags":{},"order":9,"mode":0,"inputs":[{"localized_name":"model","name":"model","type":"MODEL","link":330},{"localized_name":"shift","name":"shift","type":"FLOAT","widget":{"name":"shift"},"link":null}],"outputs":[{"localized_name":"MODEL","name":"MODEL","type":"MODEL","links":[331]}],"properties":{"Node name for S&R":"ModelSamplingAuraFlow","ue_properties":{"widget_ue_connectable":{},"version":"7.5.2","input_ue_unconnectable":{}},"cnr_id":"comfy-core","ver":"0.11.1"},"widgets_values":[3]},{"id":122,"type":"PrimitiveNode","pos":[-100,-500],"size":[268.39945903485034,82],"flags":{},"order":0,"mode":0,"inputs":[],"outputs":[{"label":"Seed","name":"INT","type":"INT","widget":{"name":"seed"},"links":[290,291]}],"title":"seed","properties":{"Run widget replace on values":false,"ue_properties":{"widget_ue_connectable":{},"version":"7.5.2","input_ue_unconnectable":{}}},"widgets_values":[272926804794672,"randomize"],"color":"#222","bgcolor":"#000"},{"id":128,"type":"PrimitiveFloat","pos":[-80,430],"size":[270,58],"flags":{},"order":7,"mode":0,"inputs":[{"label":"Seconds Length (Duration)","localized_name":"value","name":"value","type":"FLOAT","widget":{"name":"value"},"link":332}],"outputs":[{"label":"Seconds Length (Float)","localized_name":"FLOAT","name":"FLOAT","type":"FLOAT","links":[302,322,329]}],"title":"Seconds Length 300 max (Float)","properties":{"Node name for S&R":"PrimitiveFloat","ue_properties":{"widget_ue_connectable":{},"input_ue_unconnectable":{},"version":"7.5.2"}},"widgets_values":[1],"color":"#432","bgcolor":"#653"},{"id":94,"type":"TextEncodeAceStepAudio1.5","pos":[220,-370],"size":[611.9184354063266,679.7643386829468],"flags":{},"order":2,"mode":0,"inputs":[{"localized_name":"clip","name":"clip","type":"CLIP","link":279},{"localized_name":"tags","name":"tags","type":"STRING","widget":{"name":"tags"},"link":346},{"localized_name":"lyrics","name":"lyrics","type":"STRING","widget":{"name":"lyrics"},"link":348},{"localized_name":"seed","name":"seed","type":"INT","widget":{"name":"seed"},"link":290},{"localized_name":"bpm","name":"bpm","type":"INT","widget":{"name":"bpm"},"link":333},{"localized_name":"duration","name":"duration","type":"FLOAT","widget":{"name":"duration"},"link":302},{"localized_name":"timesignature","name":"timesignature","type":"COMBO","widget":{"name":"timesignature"},"link":340},{"localized_name":"language","name":"language","type":"COMBO","widget":{"name":"language"},"link":null},{"localized_name":"keyscale","name":"keyscale","type":"COMBO","widget":{"name":"keyscale"},"link":344},{"localized_name":"generate_audio_codes","name":"generate_audio_codes","type":"BOOLEAN","widget":{"name":"generate_audio_codes"},"link":null},{"localized_name":"cfg_scale","name":"cfg_scale","type":"FLOAT","widget":{"name":"cfg_scale"},"link":null},{"localized_name":"temperature","name":"temperature","type":"FLOAT","widget":{"name":"temperature"},"link":null},{"localized_name":"top_p","name":"top_p","type":"FLOAT","widget":{"name":"top_p"},"link":null},{"localized_name":"top_k","name":"top_k","type":"INT","widget":{"name":"top_k"},"link":null}],"outputs":[{"localized_name":"CONDITIONING","name":"CONDITIONING","type":"CONDITIONING","links":[254,277]}],"properties":{"Node name for S&R":"TextEncodeAceStepAudio1.5","ue_properties":{"widget_ue_connectable":{"seed":true,"duration":true},"version":"7.5.2","input_ue_unconnectable":{}},"cnr_id":"comfy-core","ver":"0.11.1"},"widgets_values":["","",272926804794672,"fixed",300,60,"4","en","F minor",true,2,0.85,0.9,0],"color":"#233","bgcolor":"#355"}],"groups":[{"id":4,"title":"Empty or Audio File","bounding":[-110,350,1030,460],"color":"#8A8","font_size":24,"flags":{}}],"links":[{"id":290,"origin_id":122,"origin_slot":0,"target_id":94,"target_slot":3,"type":"INT"},{"id":254,"origin_id":94,"origin_slot":0,"target_id":3,"target_slot":1,"type":"CONDITIONING"},{"id":291,"origin_id":122,"origin_slot":0,"target_id":3,"target_slot":4,"type":"INT"},{"id":279,"origin_id":-10,"origin_slot":0,"target_id":94,"target_slot":0,"type":"CLIP"},{"id":281,"origin_id":-10,"origin_slot":2,"target_id":3,"target_slot":2,"type":"CONDITIONING"},{"id":277,"origin_id":94,"origin_slot":0,"target_id":-20,"target_slot":0,"type":"CONDITIONING"},{"id":256,"origin_id":3,"origin_slot":0,"target_id":-20,"target_slot":1,"type":"LATENT"},{"id":295,"origin_id":124,"origin_slot":0,"target_id":125,"target_slot":1,"type":"LATENT"},{"id":296,"origin_id":120,"origin_slot":0,"target_id":125,"target_slot":0,"type":"LATENT"},{"id":297,"origin_id":125,"origin_slot":0,"target_id":3,"target_slot":3,"type":"LATENT"},{"id":299,"origin_id":-10,"origin_slot":3,"target_id":126,"target_slot":0,"type":"*"},{"id":300,"origin_id":126,"origin_slot":0,"target_id":124,"target_slot":1,"type":"VAE"},{"id":302,"origin_id":128,"origin_slot":0,"target_id":94,"target_slot":5,"type":"FLOAT"},{"id":305,"origin_id":129,"origin_slot":0,"target_id":124,"target_slot":0,"type":"AUDIO"},{"id":320,"origin_id":-10,"origin_slot":5,"target_id":125,"target_slot":2,"type":"BOOLEAN"},{"id":321,"origin_id":-10,"origin_slot":6,"target_id":3,"target_slot":9,"type":"FLOAT"},{"id":322,"origin_id":128,"origin_slot":0,"target_id":120,"target_slot":0,"type":"FLOAT"},{"id":328,"origin_id":-10,"origin_slot":4,"target_id":129,"target_slot":0,"type":"*"},{"id":329,"origin_id":128,"origin_slot":0,"target_id":-20,"target_slot":2,"type":"FLOAT"},{"id":330,"origin_id":-10,"origin_slot":1,"target_id":148,"target_slot":0,"type":"MODEL"},{"id":331,"origin_id":148,"origin_slot":0,"target_id":3,"target_slot":0,"type":"MODEL"},{"id":332,"origin_id":-10,"origin_slot":7,"target_id":128,"target_slot":0,"type":"FLOAT"},{"id":333,"origin_id":-10,"origin_slot":8,"target_id":94,"target_slot":4,"type":"INT"},{"id":340,"origin_id":-10,"origin_slot":10,"target_id":94,"target_slot":6,"type":"COMBO"},{"id":344,"origin_id":-10,"origin_slot":9,"target_id":94,"target_slot":8,"type":"COMBO"},{"id":346,"origin_id":-10,"origin_slot":11,"target_id":94,"target_slot":1,"type":"STRING"},{"id":348,"origin_id":-10,"origin_slot":12,"target_id":94,"target_slot":2,"type":"STRING"}],"extra":{"workflowRendererVersion":"LG","ue_links":[],"links_added_by_ue":[]}},{"id":"f4f5fb46-518f-4c07-9c36-81120e31300c","version":1,"state":{"lastGroupId":4,"lastNodeId":147,"lastLinkId":322,"lastRerouteId":0},"revision":0,"config":{},"name":"Vae Decode and Save File (string_b = Optional filename addition)","inputNode":{"id":-10,"bounding":[-230,-720,120,80]},"outputNode":{"id":-20,"bounding":[1690,-702,120,80]},"inputs":[{"id":"d78d277a-7caa-4f22-a718-bc41d91097e1","name":"samples","type":"LATENT","linkIds":[297],"localized_name":"samples","pos":[-130,-700]},{"id":"62b80793-1eed-457c-93c4-1dc65c8ce01b","name":"vae","type":"VAE","linkIds":[278],"localized_name":"vae","pos":[-130,-680]}],"outputs":[{"id":"23db59ee-938b-43b3-979c-b487180f6c27","name":"AUDIO","type":"AUDIO","linkIds":[315],"pos":[1710,-682]},{"id":"1f0f7732-d7f7-4a73-a078-cf2f6cb77b30","name":"STRING","type":"STRING","linkIds":[316],"label":"filename","pos":[1710,-662]}],"widgets":[],"nodes":[{"id":107,"type":"SaveAudioMP3","pos":[930,-680],"size":[700,136],"flags":{},"order":4,"mode":0,"inputs":[{"localized_name":"audio","name":"audio","type":"AUDIO","link":263},{"localized_name":"filename_prefix","name":"filename_prefix","type":"STRING","widget":{"name":"filename_prefix"},"link":321},{"localized_name":"quality","name":"quality","type":"COMBO","widget":{"name":"quality"},"link":null},{"localized_name":"audioUI","name":"audioUI","type":"AUDIO_UI","widget":{"name":"audioUI"},"link":null}],"outputs":[],"properties":{"Node name for S&R":"SaveAudioMP3","ue_properties":{"widget_ue_connectable":{},"version":"7.5.2","input_ue_unconnectable":{}},"cnr_id":"comfy-core","ver":"0.11.1"},"widgets_values":["audio/%year%/%year%-%month%-%day%/ComfyUI_AceStep_v1.5_%year%-%month%-%day%%hour%%minute%%second%","V0"],"color":"#2a363b","bgcolor":"#3f5159"},{"id":146,"type":"PrimitiveNode","pos":[-20,-540],"size":[580,88],"flags":{},"order":0,"mode":0,"inputs":[],"outputs":[{"name":"STRING","type":"STRING","widget":{"name":"string_a"},"links":[320]}],"properties":{"Run widget replace on values":false,"ue_properties":{"widget_ue_connectable":{},"version":"7.5.2","input_ue_unconnectable":{}}},"widgets_values":["audio/%year%/%year%-%month%-%day%/ComfyUI_AceStep_v1.5_%year%-%month%-%day%%hour%%minute%%second%"]},{"id":18,"type":"VAEDecodeAudio","pos":[620,-710],"size":[164.8375,46],"flags":{},"order":3,"mode":0,"inputs":[{"localized_name":"samples","name":"samples","type":"LATENT","link":297},{"localized_name":"vae","name":"vae","type":"VAE","link":278}],"outputs":[{"localized_name":"AUDIO","name":"AUDIO","type":"AUDIO","links":[263,315]}],"properties":{"Node name for S&R":"VAEDecodeAudio","ue_properties":{"widget_ue_connectable":{},"version":"7.5.2","input_ue_unconnectable":{}},"cnr_id":"comfy-core","ver":"0.11.1"},"widgets_values":[],"color":"#222","bgcolor":"#000"},{"id":145,"type":"Note","pos":[960,-470],"size":[600,88],"flags":{},"order":1,"mode":0,"inputs":[],"outputs":[],"properties":{"ue_properties":{"widget_ue_connectable":{},"version":"7.5.2","input_ue_unconnectable":{}}},"widgets_values":["audio/%year%/%year%-%month%-%day%/ComfyUI_AceStep_v1.5_%year%-%month%-%day%%hour%%minute%%second%"],"color":"#432","bgcolor":"#653"},{"id":133,"type":"StringConcatenate","pos":[610,-550],"size":[280,180],"flags":{},"order":2,"mode":0,"inputs":[{"localized_name":"string_a","name":"string_a","type":"STRING","widget":{"name":"string_a"},"link":320},{"localized_name":"string_b","name":"string_b","type":"STRING","widget":{"name":"string_b"},"link":null},{"localized_name":"delimiter","name":"delimiter","type":"STRING","widget":{"name":"delimiter"},"link":null}],"outputs":[{"localized_name":"STRING","name":"STRING","type":"STRING","links":[316,321]}],"properties":{"Node name for S&R":"StringConcatenate","ue_properties":{"widget_ue_connectable":{},"input_ue_unconnectable":{},"version":"7.5.2"}},"widgets_values":["audio/%year%/%year%-%month%-%day%/ComfyUI_AceStep_v1.5_%year%-%month%-%day%%hour%%minute%%second%","testing-node","_"],"color":"#322","bgcolor":"#533"}],"groups":[{"id":4,"title":"You can delete these 2 nodes if you don't want it format path/file","bounding":[-40,-630,950,320],"color":"#A88","font_size":24,"flags":{}}],"links":[{"id":263,"origin_id":18,"origin_slot":0,"target_id":107,"target_slot":0,"type":"AUDIO"},{"id":297,"origin_id":-10,"origin_slot":0,"target_id":18,"target_slot":0,"type":"LATENT"},{"id":278,"origin_id":-10,"origin_slot":1,"target_id":18,"target_slot":1,"type":"VAE"},{"id":315,"origin_id":18,"origin_slot":0,"target_id":-20,"target_slot":0,"type":"AUDIO"},{"id":316,"origin_id":133,"origin_slot":0,"target_id":-20,"target_slot":1,"type":"STRING"},{"id":320,"origin_id":146,"origin_slot":0,"target_id":133,"target_slot":0,"type":"STRING"},{"id":321,"origin_id":133,"origin_slot":0,"target_id":107,"target_slot":1,"type":"STRING"}],"extra":{"workflowRendererVersion":"LG","ue_links":[],"links_added_by_ue":[]}}]},"config":{},"extra":{"workflowRendererVersion":"LG","ue_links":[],"links_added_by_ue":[],"frontendVersion":"1.38.13","VHS_latentpreview":false,"VHS_latentpreviewrate":0,"VHS_MetadataImage":true,"VHS_KeepIntermediate":false,"ds":{"scale":1.5535220464769144,"offset":[1206.5117840915275,-1167.0104736784801]}},"version":0.4}